whova2016,whova2022
SubmissionDate,SubmissionDate
start-time,start-time
end,end
today,today
deviceid,deviceid
phonenumber,phonenumber
welcome,welcome
D2SN,D2SN
Id10010,Id10010
Id10010Phone,Id10010a
Id10010a,Id10010b
Id10010b,Id10010c
Id10010c,language
Id10012,Id10002
Id10005R,Id10003
Id10005D,Id10004
Id10005Dother,Id10007
Id10005W,Id10007a
Id10005S,Id10007b
Id10005V,Id10007Phone
Id10002,Id10008
Id10003,Id10009
Id10004,Id10012
Id10007,Id10005R
Id10007a,Id10005D
Id10007b,Id10005Dother
Id10007Phone,Id10005W
Id10008,Id10005S
Id10009,Id10005V
Id10013,Id10013
Id10011,Id10011
Id10017,Id10017
Id10018,Id10018
Id10019,Id10019
Id10020,Id10020
Id10021,Id10021
Id10022,Id10022
Id10023_a,Id10023_a
Id10023_b,Id10023_b
Id10023,Id10023
Id10024,Id10024
ageInDays,ageInDays
ageInDays2,ageInDays2
ageInYears,ageInYears
ageInYearsRemain,ageInYearsRemain
ageInMonths,ageInMonths
ageInMonthsRemain,ageInMonthsRemain
isNeonatal1,isNeonatal1
isChild1,isChild1
isAdult1,isAdult1
displayAgeNeonate,displayAgeNeonate
displayAgeChild,displayAgeChild
displayAgeAdult,displayAgeAdult
age_group,age_group
age_neonate_days,age_neonate_days
age_child_unit,age_neonate_hours
age_child_days,age_child_unit
age_child_months,age_child_days
age_child_years,age_child_months
age_adult,age_child_years
ageInMonthsByYear,age_adult
ageInYears2,ageInMonthsByYear
isNeonatal2,ageInYears2
isChild2,isNeonatal2
isAdult2,isChild2
isNeonatal,isAdult2
isChild,isNeonatal
isAdult,isChild
ageInDaysNeonate,isAdult
Id10008_check,ageInDaysNeonate
Id10058,Id10008_check
Id10058name,Id10058
Id10058Other,Id10058_other
Id10058b,Id10487
Id10058c,Id10051
Id10487,Id10052
Id10488,Id10053
Id10488a,Id10054R
Id10051,Id10054D
Id10052,Id10054D_other
Id10053,Id10054S
Id10054R,Id10054V
Id10054D,Id10055
Id10054D_other,Id10057
Id10054S,Id10057R
Id10054V,Id10057D
Id10055,Id10057D_other
Id10057,Id10057S
Id10057R,Id10057V
Id10057D,Id10057_death_outside
Id10057D_other,Id10059
Id10057S,Id10063
Id10057V,Id10064
Id10057_death_outside,Id10065
Id10059,Id10066
Id10060_check,Id10061
Id10060,Id10062
Id10061,noteon
Id10062,Id10476_audio
Id10063,Id10476
Id10064,Id10477
Id10065,Id10477/Fever
Id10066,Id10477/Heart_attack
Id10069,Id10477/None
Id10069_a,Id10477/Road_Accident
Id10070,Id10478
Id10071_check,Id10478/None
Id10071,Id10479
Id10071note,notenarr
Id10072,Id10104
Id10073,Id10105
Id10462,Id10106
Id10463,Id10107
Id10464,Id10377
Id10465,Id10376
Id10466,Id10109
Id10467,Id10110
Id10468,Id10111
Id10469,Id10112
Id10470,Id10113
Id10471,Id10114
Id10472,Id10115
Id10473,Id10116
Id10104,note_s_s
Id10105,Id10125
Id10106,Id10126
Id10107,Id10127
Id10108,Id10128
Id10109,Id10129
Id10110,Id10482
Id10111,Id10483
Id10112,Id10484
Id10113,Id10130
Id10114,Id10131
Id10115,Id10132
Id10116,Id10133
Id10077,Id10134
Id10079,Id10135
Id10080,Id10136
Id10081,Id10137
Id10082,Id10138
Id10083,Id10139
Id10084,Id10140
Id10085,Id10141
Id10086,Id10142
Id10087,Id10143
Id10088,Id10144
Id10089,nmh
Id10090,Id10077
Id10091,Id10077_a
Id10092,Id10077_b
Id10093,Id10079
Id10094,Id10082
Id10095,Id10083
Id10096,Id10084
Id10097,Id10085
Id10098,Id10086
Id10099,Id10087
Id10100,Id10088
Id10077_note,Id10089
Id10351,Id10091
Id10408,Id10092
Id10120_0,Id10093
id10120_unit,Id10096
Id10121,Id10094
Id10122,Id10095
Id10120_1,Id10097
Id10120,Id10098
Id10123,Id10099
Id10125,Id10100
Id10126,Id10351
Id10127,Id10408
Id10128,Id10120_0
Id10129,id10120_unit
Id10130,Id10121
Id10131,Id10122
Id10132,Id10120_1
Id10133,Id10120
Id10134,Id10123
Id10135,Id10147
Id10136,Id10148_a
Id10137,Id10148_units
Id10138,Id10148_b
Id10139,Id10148_c
Id10140,Id10148
Id10141,Id10149
Id10142,Id10150
Id10143,Id10151
Id10144,Id10153
Id10482,Id10154_units
Id10483,Id10154_a
Id10484,Id10154_b
Id10147,Id10154
Id10148_a,Id10155
Id10148_units,Id10156
Id10148_b,Id10157
Id10148_c,Id10158
Id10148,Id10159
Id10149,Id10161_0
Id10150,id10161_unit
Id10151,Id10161_1
Id10152,Id10162
Id10153,Id10163
Id10154_units,Id10161
Id10154_a,Id10165
Id10154_b,Id10170
Id10154,Id10171
Id10155,Id10166
Id10156,Id10167_a
Id10157,Id10167_units
Id10158,Id10167_b
Id10159,Id10167_c
Id10161_0,Id10167
id10161_unit,Id10172
Id10161_1,Id10173_nc
Id10162,Id10173_a
Id10163,Id10173
Id10161,Id10174
Id10165,Id10175
Id10166,Id10176
Id10167_a,Id10178_unit
Id10167_units,Id10179
Id10167_b,Id10179_1
Id10167_c,Id10181
Id10167,Id10182_units
Id10168,Id10182_a
Id10169_a,Id10182_b
Id10169_units,Id10182
Id10169_b,Id10183
Id10169_c,Id10184_a
Id10169,Id10184_units
Id10170,Id10184_b
Id10171,Id10184_c
Id10172,Id10185
Id10173_nc,Id10186
Id10173_nc/dk,Id10188
Id10173_nc/grunting,Id10190_units
Id10173_nc/no,Id10190_a
Id10173_nc/ref,Id10190_b
Id10173_nc/stridor,Id10189
Id10173_nc/wheezing,Id10189_1
id10173_check,Id10191
Id10173_a,Id10192
Id10173,Id10194
Id10174,Id10195
Id10175,id10196_unit
Id10176,Id10196
Id10178_unit,Id10197_a
Id10178,Id10198
Id10179,Id10197
Id10179_1,Id10199
Id10181,Id10199/lower_left
Id10182_units,Id10199/lower_right
Id10182_a,Id10200
Id10182_b,Id10201_unit
Id10182,Id10201_a
Id10183,Id10202
Id10184_a,Id10201
Id10184_units,Id10203
Id10184_b,Id10204
Id10184_c,Id10205_unit
Id10185,Id10205_a
Id10186,Id10206
Id10187,Id10205
Id10188,Id10207
Id10189,Id10208
Id10190_units,Id10209_units
Id10190_a,Id10209_a
Id10190_b,Id10209_b
Id10191,Id10209
Id10192,Id10212
Id10193,Id10213_units
Id10194,Id10213_a
Id10195,Id10213_b
id10196_unit,Id10213
Id10196,Id10214
Id10197_a,Id10216_units
Id10198,Id10216_a
Id10197,Id10216_b
Id10199,Id10216
Id10200,Id10217
Id10201_unit,Id10220
Id10201_a,Id10222
Id10202,Id10275
Id10201,Id10276
Id10203,Id10223
Id10204,Id10226
Id10205_unit,Id10224
Id10205_a,Id10230
Id10206,Id10231
Id10205,Id10232_units
Id10207,Id10232_a
Id10208,Id10232_b
Id10209_units,Id10232
Id10209_a,Id10227
Id10209_b,Id10229
Id10209,Id10233
Id10210,Id10234
Id10211_units,Id10235
Id10211_a,Id10236
Id10211_b,Id10237
Id10211,Id10238
Id10212,Id10239
Id10213_units,Id10240
Id10213_a,Id10242
Id10213_b,Id10243
Id10213,Id10244
Id10214,Id10245
Id10215,Id10246
Id10216_units,Id10247
Id10216_a,Id10248_units
Id10216_b,Id10248_a
Id10216,Id10248_b
Id10217,Id10248
Id10218,Id10249
Id10219,Id10250_units
Id10220,Id10250_a
Id10221,Id10250_b
Id10222,Id10250
Id10223,Id10251
Id10225,Id10252
Id10226,Id10254
Id10224,Id10253
Id10227,Id10255
Id10228,Id10256
Id10229,Id10257
Id10230,Id10258
Id10231,Id10259
Id10232_units,Id10260
Id10232_a,Id10261
Id10232_b,Id10262_units
Id10232,Id10262_a
Id10233,Id10262_b
Id10234,Id10262
Id10235,Id10262_c
Id10235/everywhere,Id10265
Id10235/extremities,Id10266_units
Id10235/face,Id10266_a
Id10235/Ref,Id10266_b
Id10235/trunk,Id10266
id10235_check,Id10267
Id10236,Id10268
Id10237,Id10269
Id10238,Id10271
Id10239,Id10272
Id10240,Id10273
Id10241,Id10274_a
Id10242,Id10274_units
Id10243,Id10274_b
Id10244,Id10274_c
Id10245,Id10274
Id10246,Id10277
Id10247,Id10278
Id10248_units,Id10279
Id10248_a,Id10281
Id10248_b,Id10282
Id10248,Id10283
Id10249,Id10284
Id10250_units,Id10286
Id10250_a,Id10287
Id10250_b,Id10288
Id10250,Id10289
Id10251,Id10485
Id10252,Id10486
Id10253,Id10294
Id10254,Id10296
Id10255,Id10299
Id10256,Id10300
Id10257,Id10301
Id10258,Id10302
Id10259,Id10303
Id10260,Id10305
Id10260/DK,Id10312
Id10260/left_side,Id10313
Id10260/lower_part_of_body,Id10314
Id10260/one_arm_only,Id10306
Id10260/one_leg_only,Id10334
Id10260/other,Id10333
Id10260/Ref,Id10308
Id10260/right_side,Id10310
Id10260/upper_part_of_body,Id10304
Id10260/whole_body,Id10304_a
id10260_check,Id10309
id10260_check2,Id10317
Id10261,Id10321
Id10262_units,Id10322_a
Id10262_a,Id10325
Id10262_b,Id10327
Id10262,Id10323
Id10263,Id10324
Id10264,Id10328
Id10265,Id10329_a
Id10266_units,Id10329_b
Id10266_a,Id10322_b
Id10266_b,Id10331
Id10266,Id10332
Id10267,Id10342
Id10268,Id10343
Id10269,Id10344
Id10270,Id10330
Id10271,Id10337
Id10272,Id10319
Id10273,Id10320
Id10274_a,Id10340
Id10274_units,Id10354
Id10274_b,Id10366_check
Id10274_c,n10366
Id10274,Id10366
Id10275,Id10363
Id10276,Id10365
Id10277,Id10367
Id10278,Id10369
Id10279,Id10370
Id10281,Id10371
Id10282,Id10372
Id10283,Id10373
Id10284,Id10382
Id10285,Id10383
Id10286,Id10384
Id10287,Id10385
Id10288,Id10387
Id10289,Id10388
Id10290,Id10389
Id10485,Id10391
Id10486,Id10393
Id10294,Id10395
Id10295,Id10396
Id10296,Id10397
Id10297,Id10398
Id10298,Id10399
Id10301,Id10400
Id10299,Id10401
Id10302,Id10402
Id10303,Id10403
Id10300,Id10404
Id10304,Id10405
Id10305,Id10406
Id10306,Id10411
Id10307,Id10413
Id10308,Id10413_a
Id10309,Id10413_d
Id10310,Id10413_b
Id10310_check,Id10414
Id10312,Id10414_a
Id10313,Id10414_d
Id10314,Id10414_b
Id10315_a,Id10418
Id10315,Id10419
Id10316,Id10420
Id10317,Id10421
Id10318,Id10422
Id10319,Id10423
Id10320,Id10424
Id10321,Id10425
Id10322,Id10426
Id10323,Id10435
Id10324,Id10436
Id10325,Id10446
Id10326,botecrn
Id10327,Id10069_a
Id10328,Id10070
Id10329,Id10071_check
Id10330,Id10071
Id10331,Id10072
Id10332,Id10073
Id10333,TZ001
Id10334,TZ002
Id10335,TZ002_other
Id10336,TZ003
Id10337,TZ004
Id10338,TZ004_other
Id10339,TZ005
Id10342,TZ005_a
Id10343,noteccd
Id10344,Id10462
Id10347,Id10463
Id10340,Id10464
Id10352_units,Id10465
Id10352_a,Id10466
Id10352_b,Id10467
Id10352,Id10468
Id10354,Id10469
Id10355,Id10470
Id10356,Id10471
Id10357,Id10472
Id10358_units,Id10473
Id10358,Id10481
Id10359,noteend
Id10359_a,comment
Id10360,gps_location-Latitude
Id10361,gps_location-Longitude
Id10362,gps_location-Altitude
Id10363,gps_location-Accuracy
Id10364,gps_details
Id10365,vaid
id1036X_check,audit
Id10366,instanceID
Id10367,instanceName
Id10368,KEY
Id10369,SubmitterID
Id10370,SubmitterName
Id10371,AttachmentsPresent
Id10372,AttachmentsExpected
Id10373,Status
Id10394,ReviewState
Id10376,DeviceID
Id10377,Edits
Id10379_unit,FormVersion
Id10379,
Id10380,
Id10382,
Id10383,
Id10384,
Id10385,
Id10387,
Id10388,
Id10389,
id10389_check,
Id10391,
Id10392,
Id10393,
Id10395,
Id10396,
Id10397,
Id10398,
Id10399,
Id10400,
Id10401,
Id10402,
Id10403,
Id10404,
Id10405,
Id10406,
Id10411,
Id10412,
Id10413,
Id10414,
id10414_check,
Id10415,
Id10416,
Id10418,
Id10419,
Id10420,
Id10421,
Id10422,
Id10423,
Id10424,
Id10425,
Id10426,
Id10427,
Id10428,
Id10429,
Id10430,
Id10431,
Id10431/BCG,
Id10431/dk,
Id10431/DPT_123,
Id10431/HepB,
Id10431/Hib,
Id10431/Measles,
Id10431/Meningitis,
Id10431/Penta_123,
Id10431/Pneumo,
Id10431/Polio_123,
Id10431/Rota,
id10431_check,
Id10432,
Id10433,
Id10433/community_based_pract_system,
Id10433/dk,
Id10433/government_hospital,
Id10433/govment_health_center_or_clinic,
Id10433/homeopath,
Id10433/pharmacy,
Id10433/private_hospital,
Id10433/private_physician,
Id10433/relative_friend,
Id10433/religious_leader,
Id10433/traditional_healer,
Id10433/trained_birth_attendant,
id10433_check,
Id10434,
Id10435,
Id10436,
Id10437,
Id10438,
Id10439_check,
Id10439,
Id10440_check,
Id10440,
Id10441_check,
Id10441,
Id10442,
Id10443,
Id10444,
Id10445,
Id10446,
Id10450,
Id10451,
Id10452,
Id10453,
Id10454,
Id10455,
Id10456,
Id10457,
Id10458,
Id10459,
TZ001,
TZ002,
TZ002_other,
TZ003,
TZ004,
TZ004_other,
TZ005,
TZ005_a,
Id10476,
Id10477,
Id10477/Chronic_kidney_disease,
Id10477/Dialysis,
Id10477/dk,
Id10477/Fever,
Id10477/Heart_attack,
Id10477/Heart_problem,
Id10477/Jaundice,
Id10477/Liver_failure,
Id10477/Malaria,
Id10477/None,
Id10477/Pneumonia,
Id10477/Renal_kidney_failure,
Id10477/Suicide,
Id10478,
Id10478/abdomen,
Id10478/cancer,
Id10478/dehydration,
Id10478/dengue,
Id10478/diarrhea,
Id10478/dk,
Id10478/fever,
Id10478/heart_problem,
Id10478/jaundice,
Id10478/None,
Id10478/pneumonia,
Id10478/rash,
Id10479,
Id10479/dk,
Id10479/lung_problem,
Id10479/None,
Id10479/pneumonia,
Id10479/preterm_delivery,
Id10479/respiratory_distress,
id10477_check,
id10478_check,
id10479_check,
Id10481,
comment,
gps_location-Latitude,
gps_location-Longitude,
gps_location-Altitude,
gps_location-Accuracy,
gps_details,
vaid,
instanceID,
instanceName,
KEY,
SubmitterID,
SubmitterName,
AttachmentsPresent,
AttachmentsExpected,
Status,
ReviewState,
DeviceID,
Edits,
FormVersion,